{"name":"43c5c259-a6fd-4024-8d51-2b60ae431b88","id":"/providers/Microsoft.Flow/flows/43c5c259-a6fd-4024-8d51-2b60ae431b88","type":"Microsoft.Flow/flows","properties":{"apiId":"/providers/Microsoft.PowerApps/apis/shared_logicflows","displayName":"Gerar Certificados","definition":{"metadata":{"workflowEntityId":null,"flowclientsuspensionreason":"None","flowclientsuspensiontime":null,"creator":{"id":"417c2733-aa39-419f-9e06-1fac6511f811","type":"User","tenantId":"0502f41e-2847-4bc7-8207-fbba0dfff9d9"},"provisioningMethod":"FromDefinition","failureAlertSubscription":true,"clientLastModifiedTime":"2021-02-11T15:46:15.4231272Z"},"$schema":"https://schema.management.azure.com/providers/Microsoft.Logic/schemas/2016-06-01/workflowdefinition.json#","contentVersion":"1.0.0.0","parameters":{"$connections":{"defaultValue":{},"type":"Object"},"$authentication":{"defaultValue":{},"type":"SecureObject"}},"triggers":{"Quando_um_item_é_criado_ou_modificado":{"recurrence":{"frequency":"Minute","interval":1},"splitOn":"@triggerOutputs()?['body/value']","type":"OpenApiConnection","inputs":{"host":{"apiId":"/providers/Microsoft.PowerApps/apis/shared_sharepointonline","connectionName":"shared_sharepointonline","operationId":"GetOnUpdatedItems"},"parameters":{"dataset":"https://concertbh.sharepoint.com/teams/TestesSharepoint","table":"3815de7d-ec18-4b5b-8e50-934d3114327c"},"authentication":"@parameters('$authentication')"}}},"actions":{"Condição":{"actions":{"Obter_conteúdo_de_arquivo_usando_caminho":{"runAfter":{},"type":"OpenApiConnection","inputs":{"host":{"apiId":"/providers/Microsoft.PowerApps/apis/shared_sharepointonline","connectionName":"shared_sharepointonline","operationId":"GetFileContentByPath"},"parameters":{"dataset":"https://concertbh.sharepoint.com/teams/TestesSharepoint","path":"/Documentos Compartilhados/Forms/Certificado.docx","inferContentType":true},"authentication":"@parameters('$authentication')"}},"Criar_arquivo":{"runAfter":{"Obter_conteúdo_de_arquivo_usando_caminho":["Succeeded"]},"type":"OpenApiConnection","inputs":{"host":{"apiId":"/providers/Microsoft.PowerApps/apis/shared_sharepointonline","connectionName":"shared_sharepointonline","operationId":"CreateFile"},"parameters":{"dataset":"https://concertbh.sharepoint.com/teams/TestesSharepoint","folderPath":"/Documentos Compartilhados","name":"CERTIFICADO DE CONCLUSÃO [@{triggerOutputs()?['body/ID']}] ALUNO @{triggerOutputs()?['body/Nome_x002d_Aluno']}.docx","body":"@outputs('Obter_conteúdo_de_arquivo_usando_caminho')?['body']"},"authentication":"@parameters('$authentication')"},"runtimeConfiguration":{"contentTransfer":{"transferMode":"Chunked"}}},"Atualizar_propriedades_do_arquivo":{"runAfter":{"Criar_arquivo":["Succeeded"]},"type":"OpenApiConnection","inputs":{"host":{"apiId":"/providers/Microsoft.PowerApps/apis/shared_sharepointonline","connectionName":"shared_sharepointonline","operationId":"PatchFileItem"},"parameters":{"dataset":"https://concertbh.sharepoint.com/teams/TestesSharepoint","table":"d61ed70b-7d47-4da7-8664-567e76ae63bd","id":"@outputs('Criar_arquivo')?['body/ItemId']","item/Curso":"@triggerOutputs()?['body/Title']","item/NomedoAluno":"@triggerOutputs()?['body/Nome_x002d_Aluno']","item/Apresentador":"@triggerOutputs()?['body/Apresentador']","item/DatadeConclus_x00e3_o":"@triggerOutputs()?['body/DatadeConclus_x00e3_o']"},"authentication":"@parameters('$authentication')"}},"Obter_conteúdo_de_arquivo":{"runAfter":{"Atualizar_propriedades_do_arquivo":["Succeeded"]},"type":"OpenApiConnection","inputs":{"host":{"apiId":"/providers/Microsoft.PowerApps/apis/shared_sharepointonline","connectionName":"shared_sharepointonline","operationId":"GetFileContent"},"parameters":{"dataset":"https://concertbh.sharepoint.com/teams/TestesSharepoint","id":"@outputs('Atualizar_propriedades_do_arquivo')?['body/{Identifier}']","inferContentType":true},"authentication":"@parameters('$authentication')"}},"Excluir_arquivo_2":{"runAfter":{"Obter_conteúdo_de_arquivo":["Succeeded"]},"type":"OpenApiConnection","inputs":{"host":{"apiId":"/providers/Microsoft.PowerApps/apis/shared_sharepointonline","connectionName":"shared_sharepointonline","operationId":"DeleteFile"},"parameters":{"dataset":"https://concertbh.sharepoint.com/teams/TestesSharepoint","id":"@outputs('Atualizar_propriedades_do_arquivo')?['body/{Identifier}']"},"authentication":"@parameters('$authentication')"}},"Enviar_um_email_(V2)":{"runAfter":{"Excluir_arquivo_2":["Succeeded"]},"type":"OpenApiConnection","inputs":{"host":{"apiId":"/providers/Microsoft.PowerApps/apis/shared_office365","connectionName":"shared_office365","operationId":"SendEmailV2"},"parameters":{"emailMessage/To":"vitor.santos@concert.com.br;@{outputs('Atualizar_propriedades_do_arquivo')?['body/Editor/Email']}","emailMessage/Subject":"[CERTIFICADO] @{outputs('Atualizar_propriedades_do_arquivo')?['body/NomedoAluno']}","emailMessage/Body":"<p>Prezado @{outputs('Atualizar_propriedades_do_arquivo')?['body/NomedoAluno']},<br>\n<br>\n<h3>Parabéns por Concluir o Curso @{outputs('Atualizar_propriedades_do_arquivo')?['body/Curso']} , &nbsp;Segue em anexo seu certificado. Continue sempre se aprimorando. </h3><br>\n<br>\n<br>\n</p>","emailMessage/From":"vitor.santos@concert.com.br","emailMessage/Attachments":[{"Name":"@{triggerOutputs()?['body/Nome_x002d_Aluno']}.docx","ContentBytes":"@outputs('Obter_conteúdo_de_arquivo')?['body']"}],"emailMessage/Importance":"High"},"authentication":"@parameters('$authentication')"}}},"runAfter":{"Enviar_email_com_opções":["Succeeded"]},"else":{"actions":{"Enviar_uma_notificação_por_email_(V3)":{"runAfter":{},"type":"OpenApiConnection","inputs":{"host":{"apiId":"/providers/Microsoft.PowerApps/apis/shared_sendmail","connectionName":"shared_sendmail","operationId":"SendEmailV3"},"parameters":{"request/to":"@{triggerOutputs()?['body/Author/Email']};","request/subject":"CERTIFICADO @{triggerOutputs()?['body/Title']}","request/text":"<p><h1>Infelizmente seu certificado foi Negado.</h1><br>\n<br>\n<image src = \"https://mourarocha.com.br/wp-content/uploads/2019/09/registro-negado.jpg\" />\n</p>"},"authentication":"@parameters('$authentication')"}}}},"expression":{"equals":["@outputs('Enviar_email_com_opções')?['body/SelectedOption']","Sim"]},"type":"If"},"Enviar_email_com_opções":{"runAfter":{},"type":"OpenApiConnectionWebhook","inputs":{"host":{"apiId":"/providers/Microsoft.PowerApps/apis/shared_office365","connectionName":"shared_office365","operationId":"SendMailWithOptions"},"parameters":{"optionsEmailSubscription/Message/To":"vitor.santos@concert.com.br","optionsEmailSubscription/Message/Subject":"APROVAR CERTIFICADO","optionsEmailSubscription/Message/Options":"Sim, Não","optionsEmailSubscription/Message/HeaderText":" @{triggerOutputs()?['body/Title']},  @{triggerOutputs()?['body/Nome_x002d_Aluno']}","optionsEmailSubscription/Message/Body":"Deseja Aprovar o Seguinte certificado?\nCERTIFICADO : @{triggerOutputs()?['body/Title']}\nALUNO: @{triggerOutputs()?['body/Nome_x002d_Aluno']}","optionsEmailSubscription/Message/Importance":"High","optionsEmailSubscription/Message/UseOnlyHTMLMessage":false,"optionsEmailSubscription/Message/HideHTMLMessage":true,"optionsEmailSubscription/Message/ShowHTMLConfirmationDialog":false},"authentication":"@parameters('$authentication')"}}}},"connectionReferences":{"shared_sharepointonline":{"connectionName":"77d3fee872594e3bbb48148ef5ff83fd","source":"Embedded","id":"/providers/Microsoft.PowerApps/apis/shared_sharepointonline","tier":"NotSpecified"},"shared_office365":{"connectionName":"e48db3dc9f114915bdc8b5f61f9bea73","source":"Embedded","id":"/providers/Microsoft.PowerApps/apis/shared_office365","tier":"NotSpecified"},"shared_sendmail":{"connectionName":"shared-sendmail-51045ac7-872b-4702-b75b-3a3e-f81c3b40","source":"Embedded","id":"/providers/Microsoft.PowerApps/apis/shared_sendmail","tier":"NotSpecified"}},"flowFailureAlertSubscribed":false}}