{"schemaVersion":"1.0","appDefinitionTemplate":{"id":"/providers/Microsoft.PowerApps/apps/","type":"Microsoft.PowerApps/apps","tags":{"primaryDeviceWidth":"1366","primaryDeviceHeight":"768","sienaVersion":"20210211T154922Z-3.21021.38.0","deviceCapabilities":"","supportsPortrait":"false","supportsLandscape":"true","primaryFormFactor":"Tablet","publisherVersion":"3.21021.38","minimumRequiredApiVersion":"2.2.0","hasComponent":"false","hasUnlockedComponent":"false","isUnifiedRootApp":"false"},"properties":{"appVersion":"2021-02-11T15:49:22Z","lifeCycleId":"Published","createdByClientVersion":{"major":3,"minor":21021,"build":38,"revision":0,"majorRevision":0,"minorRevision":0},"minClientVersion":{"major":3,"minor":21021,"build":38,"revision":0,"majorRevision":0,"minorRevision":0},"backgroundColor":"rgba(0, 176, 240, 1)","backgroundImageUri":"/1804222673966794255/N91d0509f-490d-4248-a911-073cf5f1b866-logoSmallFile","displayName":"CERTIFICADOS","description":"","commitMessage":"","appUris":{"documentUri":{"value":"/1804222673966794255/Nbe2fbea6-374a-4331-a69b-56a9d48737ed-document.msapp"},"imageUris":[]},"createdTime":"0001-01-01T00:00:00Z","lastModifiedTime":"0001-01-01T00:00:00Z","sharedGroupsCount":0,"sharedUsersCount":0,"icons":{"smallIconUri":"/1804222673966794255/Nf4a4fa4e-2819-4d2c-af88-791afe2addc7-small.png","mediumIconUri":"/1804222673966794255/N2da19c1b-a323-4b09-87b9-316796ba27f4-medium.png","largeIconUri":"/1804222673966794255/Ndf8c5859-9586-4084-b5fe-2d0048867cd9-large.png","wideIconUri":"/1804222673966794255/Nfcf125b8-c2cc-4e5b-a921-ad00867efb23-wide.png"},"connectionReferences":{"ea650249-316a-4faa-87c3-5afcc1c8165d":{"id":"c6d0e254-531c-4a5b-93ac-07299018906a","displayName":"Office 365 Outlook","iconUri":"https://connectoricons-prod.azureedge.net/releases/v1.0.1436/1.0.1436.2319/office365/icon.png","dataSources":["Office365Outlook"],"dependencies":[],"dependents":[],"parameterHints":{},"isOnPremiseConnection":false,"dataSets":{},"apiTier":"Standard","isCustomApiConnection":false},"a7f8a51f-d11b-4d0a-8a71-0a756e1efc45":{"id":"e7b60cba-05b9-4543-b85c-269258f9ac71","displayName":"Usuários do Office 365","iconUri":"https://connectoricons-prod.azureedge.net/releases/v1.0.1430/1.0.1430.2296/office365users/icon.png","dataSources":["UsuáriosdoOffice365"],"dependencies":[],"dependents":[],"parameterHints":{},"isOnPremiseConnection":false,"dataSets":{},"apiTier":"Standard","isCustomApiConnection":false},"cf123884-b0a0-43e5-a561-ea3ca3c554fd":{"id":"338b5436-afb2-454a-909f-36f536df7c4c","displayName":"SharePoint","iconUri":"https://connectoricons-prod.azureedge.net/releases/v1.0.1431/1.0.1431.2301/sharepointonline/icon.png","dataSources":["BD Certificados"],"dependencies":[],"dependents":[],"parameterHints":{},"isOnPremiseConnection":false,"dataSets":{"https://concertbh.sharepoint.com/teams/TestesSharepoint":{"dataSources":{"BD Certificados":{"tableName":"3815de7d-ec18-4b5b-8e50-934d3114327c"}}}},"apiTier":"Standard","isCustomApiConnection":false}},"databaseReferences":{},"almMode":"Environment","performanceOptimizationEnabled":true,"canConsumeAppPass":true,"executionRestrictions":{"isTeamsOnly":false,"dataLossPreventionEvaluationResult":{"status":"Compliant","lastEvaluationDate":"2021-02-11T15:49:33.9299193Z","violationDetails":[]}}},"isAppComponentLibrary":false,"appType":"ClassicCanvasApp","appComponents":[]}}